dataset,problem_id,complexity_level,question,final_full_answer,final_answer,domain,structural_type,source_split
gsm8k,L1_GSM8K_01,1,"Weng earns $12 an hour for babysitting. Yesterday, she just did 50 minutes of babysitting. How much did she earn?","Weng earns 12/60 = $<<12/60=0.2>>0.2 per minute. Working 50 minutes, she earned 0.2 x 50 = $<<0.2*50=10>>10. #### 10",10,arithmetic ,rate / time conversion,main/train
gsm8k,L1_GSM8K_02,1,"Natalia sold clips to 48 of her friends in April, and then she sold half as many clips in May. How many clips did Natalia sell altogether in April and May?",Natalia sold 48/2 = <<48/2=24>>24 clips in May. Natalia sold 48+24 = <<48+24=72>>72 clips altogether in April and May. #### 72,72,arithmetic ,proportion / aggregation,main/train
gsm8k,L1_GSM8K_03,1,"Betty is saving money for a new wallet which costs $100. Betty has only half of the money she needs. Her parents decided to give her $15 for that purpose, and her grandparents twice as much as her parents. How much more money does Betty need to buy the wallet?","In the beginning, Betty has only 100 / 2 = $<<100/2=50>>50. Betty's grandparents gave her 15 * 2 = $<<15*2=30>>30. This means, Betty needs 100 - 50 - 30 - 15 = $<<100-50-30-15=5>>5 more. #### 5",5,arithmetic ,multi-step proportinal reasoning ,main/train
gsm8k,L1_GSM8K_04,1,"Alexis is applying for a new job and bought a new set of business clothes to wear to the interview. She went to a department store with a budget of $200 and spent $30 on a button-up shirt, $46 on suit pants, $38 on a suit coat, $11 on socks, and $18 on a belt. She also purchased a pair of shoes, but lost the receipt for them. She has $16 left from her budget. How much did Alexis pay for the shoes?","Let S be the amount Alexis paid for the shoes. She spent S + 30 + 46 + 38 + 11 + 18 = S + <<+30+46+38+11+18=143>>143. She used all but $16 of her budget, so S + 143 = 200 - 16 = 184. Thus, Alexis paid S = 184 - 143 = $<<184-143=41>>41 for the shoes. #### 41",41,arithmetic ,multi-step aggregation with missing component (budget constraint),main/train
gsm8k,L1_GSM8K_05,1,"Ken created a care package to send to his brother, who was away at boarding school. Ken placed a box on a scale, and then he poured into the box enough jelly beans to bring the weight to 2 pounds. Then, he added enough brownies to cause the weight to triple. Next, he added another 2 pounds of jelly beans. And finally, he added enough gummy worms to double the weight once again. What was the final weight of the box of goodies, in pounds?","To the initial 2 pounds of jelly beans, he added enough brownies to cause the weight to triple, bringing the weight to 2*3=<<2*3=6>>6 pounds. Next, he added another 2 pounds of jelly beans, bringing the weight to 6+2=<<6+2=8>>8 pounds. And finally, he added enough gummy worms to double the weight once again, to a final weight of 8*2=<<8*2=16>>16 pounds. #### 16",16,arithmetic ,sequential scaling and accumulation,main/train
gsm8k,L1_GSM8K_06,1,"Conner has a dune buggy that he rides in the desert. On flat sand, it can ride at a speed of 60 miles per hour. When traveling on downhill slopes, it can race at 12 miles per hour faster than it can when it is on flat sand. And when riding on an uphill inclined slow, it travels at a speed 18 miles per hour slower than when it is riding on flat sand. If Conner rides his dune buggy one-third of the time on flat sand, one-third of the time on uphill slopes, and one-third of the time on downhill slopes, what is his average speed in miles per hour?","12 mph faster than 60mph is 60+12=<<60+12=72>>72 mph. 18 mph slower than 60 mph is 60-18=<<60-18=42>>42 mph. If he spends 1/3 of the time at each of these three speeds, then he averages (60+72+42)/3 = <<(60+72+42)/3=58>>58 mph. #### 58",58,arithmetic ,equal-time average of multiple derived rates,main/train
gsm8k,L1_GSM8K_07,1,"The Rotary Club is holding its annual fundraising Omelet Breakfast, with tickets sold in advance. The tickets come in different price levels, for young children, older children, adults, and seniors. This year they sold 53 small children tickets, 35 older children tickets, 75 adult tickets, and 37 senior tickets. To figure out how many eggs they need to buy, the club estimates that small children can eat a half omelet, older children can eat a whole omelet, adults will eat two omelets, and seniors will eat one and a half omelets. Just to be on the safe side, they get enough eggs to make 25 extra omelets. If they use 2 eggs for each omelet, how many eggs will they need to buy?","They'll need to make an estimated 0.5 * 53 = <<0.5*53=26.5>>26.5 omelets for small children. They'll need to make an estimated 1 * 35 = <<1*35=35>>35 omelets for older children. They'll need to make an estimated 2 * 75 = <<2*75=150>>150 omelets for the adults. And they'll need to make an estimated 1.5 * 37 = <<1.5*37=55.5>>55.5 omelets for the seniors. Along with the 25 extra omelets they'll make as a buffer, they will need enough eggs for 26.5 + 35 + 150 + 55.5 + 25 = <<26.5+35+150+55.5+25=292>>292 omelets. So they will need 2 * 292 = <<2*292=584>>584 eggs. #### 584",584,arithmetic ,multi-group weighted aggregation + unit conversion,main/train
hendrycks_math,L1_HMATH_12,1,"Abigail, Beatrice, and Carson combine their eggs to sell them at the market. If Abigail has 37 eggs, Beatrice has 49 eggs, and Carson has 14 eggs, and if eggs can only be sold in cartons of 12, how many eggs will be left over if all cartons are sold?","The remainder when $37+49+14$ is divided by $12$ is the same as the remainder when the congruences of each number mod 12 are summed and then divided by 12. In other words, since we have \begin{align*} 37 &\equiv 1\pmod{12}\\ 49 &\equiv 1\pmod{12} \\ 14 &\equiv 2\pmod{12} \end{align*}then therefore, $37+49+14 \equiv1+1+2 \equiv \boxed{4}\pmod{12}$.",4,arithmetic ,aggregation + remainder,number_theory/train
hendrycks_math,L1_HMATH_20,1,"Jason borrowed money from his parents to buy a new surfboard. His parents have agreed to let him work off his debt by babysitting under the following conditions: his first hour of babysitting is worth $\$1$, the second hour worth $\$2$, the third hour $\$3$, the fourth hour $\$4$, the fifth hour $\$5$, the sixth hour $\$6$, the seventh hour $\$1$, the eighth hour $\$2$, etc. If he repays his debt by babysitting for 39 hours, how many dollars did he borrow?","	
Every $6$ hours, Jason earns $1+2+3+4+5+6=\$21$. Since $39=6(6)+3$, he earns $6\cdot 21=\$126$ from $36$ hours, and in the next $3$ hours, he earns $1+2+3=\$6$. So he borrowed $126+6=\boxed{\$132}$.",132,arithmetic ,repeating-cycle sum / modular grouping (period 6) + remainder,number_theory/train
gsm8k,L2_GSM8K_08,2,"Sam works at the Widget Factory, assembling Widgets. He can assemble 1 widget every 10 minutes. Jack from the loading dock can help assemble widgets when he doesn't have anything else to do. When he helps, they put together 2 complete widgets every 15 minutes. Recently the factory hired Tony to help assemble widgets. Being new to the job, he doesn't work as fast as Sam or Jack. Yesterday Sam worked for 6 hours before he had to leave work early for a dentist appointment. Jack was able to help out for 4 hours before he had to go back to the loading dock to unload a new shipment of widget materials. Tony worked the entire 8-hour shift. At the end of the day, they had completed 68 widgets. How long does it take Tony to assemble a Widget, in minutes?","Sam completes a widget every 10 minutes. When Jack helps they finish 2 in 15 minutes. Sam has finished 1 widget and has begun working on another one, and Jack finishes the second one at 15 minutes. So it takes Jack 15 minutes to complete a widget. Sam worked for 6 hours yesterday, so he was able to complete 6 hours * 60 minutes per hour / 10 minutes per widget = <<6*60/10=36>>36 widgets. Jack worked for 4 hours, so he was able to complete 4 hours * 60 minutes per hour / 15 minutes per widget = <<4*60/15=16>>16 widgets. Sam, Jack, and Tony were able to complete 68 widgets together. So of those, Tony personally completed 68 widgets - 36 widgets - 16 widgets = <<68-36-16=16>>16 widgets. It took Tony 8 hours to complete those 16 widgets, so he takes 8 hours * 60 minutes per hour / 16 widgets = <<8*60/16=30>>30 minutes per widget. #### 30",30,arithmetic ,multi-agent rate decomposition,main/train
gsm8k,L2_GSM8K_09,2,"A man is trying to maximize the amount of money he saves each month. In particular, he is trying to decide between two different apartments. The first apartment costs $800 per month in rent and will cost an additional $260 per month in utilities. The second apartment costs $900 per month and will cost an additional $200 per month in utilities. The first apartment is slightly further from the man's work, and the man would have to drive 31 miles per day to get to work. The second apartment is closer, and the man would only have to drive 21 miles to get to work. According to the IRS, each mile a person drives has an average cost of 58 cents. If the man must drive to work 20 days each month, what is the difference between the total monthly costs of these two apartments after factoring in utility and driving-related costs (to the nearest whole dollar)?","The mileage cost for the first apartment will be 31*20*0.58 = $<<31*20*0.58=359.60>>359.60 This makes the total monthly cost of the first apartment 359.60 + 800 + 260 = $<<359.60+800+260=1419.60>>1419.60 Similarly, the mileage cost for the second apartment will be 21*20*0.58 = $<<21*20*0.58=243.60>>243.60 Thus, the total monthly cost of the second apartment is 243.60 + 900 + 200 = <<243.60+900+200=1343.60>>1343.60 Therefore, the difference in total monthly costs is 1419.60 - 1343.60 = $<<1419.60-1343.60=76>>76 #### 76",76,arithmetic ,multi-component cost comparison,main/train
gsm8k,L2_GSM8K_10,2,"Hasan is packing up his apartment because he’s moving across the country for a new job. He needs to ship several boxes to his new home. The movers have asked that Hasan avoid putting more than a certain weight in pounds in any cardboard box. The moving company has helpfully provided Hasan with a digital scale that will alert him if a package is too heavy. Hasan is in the kitchen, and he fills a cardboard box with 38 dinner plates. When he checks the box, the scale reports his box is too heavy. Hasan knows each of his plates weighs 10 ounces. He removes a single plate from the box and checks the movers’ scale again. The scale reports his box is still too heavy. Hasan repeats the process again and again. When he has removed enough plates, the movers’ scale shows the box is now an acceptable weight for shipping. Hasan deduces that each shipping box can hold 20 pounds before the scale says the box is too heavy. How many plates did Hasan need to remove from the shipping box?","Let x be the number of plates removed from the box. Hasan figured out the movers' weight limit was 20 pounds. Since a pound is equal to 16 ounces, each box can hold 20 * 16, or <<20*16=320>>320 ounces. Each plate weighs 10 ounces, so the weight of the plates in the box after Hasan removes enough plates to satisfy the movers' weight limit is (38 - x) * 10 ounces Since these two values are equal, we can write the equation (38 - x) * 10 = 320. Dividing both sides by 10 leaves 38-x = 32. Adding x to both sides gives 38 – x + x = 32 +x, or, 38 = 32 +x Subtracting 32 from both sides gives the value of x, which is the number of plates removed from the box, 38 -32 = 32 + x – 32, or, 6 = x #### 6",6,arithmetic ,capacity constraint / threshold with discrete items ,main/train
hendrycks_math,L2_HMATH_01,2,Expand the product ${(x+2)(x+5)}$.,"When using the distributive property for the first time, we add the product of $x+2$ and $x$ to the product of $x+2$ and 5: \begin{align*} (x+2)(x+5) &= (x+2) \cdot x + (x+2) \cdot 5\\ &= x(x+2) + 5(x+2) \end{align*}We use the distributive property again and combine like terms: \begin{align*} x(x+2) + 5(x+2) &= x^2 + 2x + 5x+ 10\\ &= \boxed{x^2 + 7x + 10} \end{align*}",x^2+7x+10,algebra,symbolic expansion via distributive property ,algebra/train
hendrycks_math,L2_HMATH_02,2,Simplify: $$\sqrt[3]{2744000}$$,"First, we can factor out $1000=10^3$, so $\sqrt[3]{2744000}=10\sqrt[3]{2744}$. To proceed, we can take out factors of two from 2744, to find that $2744=2\cdot1372=2\cdot2\cdot686=2^3\cdot343$. With a little bit of guess and check, notice that $7^3=343$. Therefore, $10\sqrt[3]{2744}=10(14)=\boxed{140}$.",140,algebra,radical simplification via perfect power extraction ,algebra/train
hendrycks_math,L2_HMATH_04,2,"If $f(x) = 2$ for all real numbers $x$, what is the value of $f(x + 2)$?","If $x$ is a real number, so is $x+2$. Thus $f(x+2)=\boxed{2}$.",2,algebra,constant function evaluation ,algebra/train
hendrycks_math,L2_HMATH_06,2,"The fifth, sixth and seventh terms of an arithmetic sequence are 5, 9 and 13, respectively. What is the sum of the first four terms of the sequence? [asy] unitsize(8mm); defaultpen(linewidth(.7pt)+fontsize(12pt)); label(""\underline{\quad}, \underline{\quad}, \underline{\quad}, \underline{\quad}, \underline{ 5 }, \underline{ 9 }, \underline{ 13 }"",(0,0),W); draw((-2.3,0.4)..(-1.9,0.7)..(-1.5,0.4),EndArrow(4)); label(""\footnotesize{+ 4}"",(-1.9,1.0)); draw((-1.3,0.4)..(-0.9,0.7)..(-0.5,0.4),EndArrow(4)); label(""\footnotesize{+ 4}"",(-0.9,1.0)); [/asy]","Working backwards, we find that the four blanks contain the numbers $-11,-7,-3,1$. These numbers sum to $\boxed{-20}$.",-20,algebra,AP backsolving + sum of first terms ,algebra/train
hendrycks_math,L2_HMATH_09,2,What is the value of $9^3 + 3(9^2) + 3(9) + 1$?,"The given expression is the expansion of $(9+1)^3$. In general, the cube of $(x+y)^3$ is \[(x+y)^3=1x^3+3x^2y+3xy^2+1y^3.\] The first and last terms in the given expression are cubes and the middle two terms both have coefficient 3, giving us a clue that this is a cube of a binomial and can be written in the form \[(x+y)^3\]In this case, $x=9$ and $y=1$, so our answer is\[(9+1)^3\ = 10^3 = \boxed{1000}\]",1000,algebra,binomial expansion recognition / structured polynomial evaluation ,counting_and_probability/train
hendrycks_math,L2_HMATH_10,2,Alli rolls a standard $6$-sided die twice. What is the probability of rolling integers that differ by $2$ on her first two rolls? Express your answer as a common fraction.,"We have to use a little bit of casework to solve this problem because some numbers on the die have a positive difference of $2$ when paired with either of two other numbers (for example, $3$ with either $1$ or $5$) while other numbers will only have a positive difference of $2$ when paired with one particular number (for example, $2$ with $4$). If the first roll is a $1,$ $2,$ $5,$ or $6,$ there is only one second roll in each case that will satisfy the given condition, so there are $4$ combinations of rolls that result in two integers with a positive difference of $2$ in this case. If, however, the first roll is a $3$ or a $4,$ in each case there will be two rolls that satisfy the given condition- $1$ or $5$ and $2$ or $6,$ respectively. This gives us another $4$ successful combinations for a total of $8.$ Since there are $6$ possible outcomes when a die is rolled, there are a total of $6\cdot6=36$ possible combinations for two rolls, which means our probability is $\dfrac{8}{36}=\boxed{\dfrac{2}{9}}.$ OR We can also solve this problem by listing all the ways in which the two rolls have a positive difference of $2:$ $$(6,4), (5,3), (4,2), (3,1), (4,6), (3,5), (2,4), (1,3).$$ So, we have $8$ successful outcomes out of $6\cdot 6 = 36$ possibilities, which produces a probability of $8/36 = 2/9.$",2/9,probability & counting,enumeration with absolute-difference constraint,counting_and_probability/train
hendrycks_math,L2_HMATH_11,2,How many even integers between 4000 and 7000 have four different digits?,"The thousands digit is $\in \{4,5,6\}$. Case $1$: Thousands digit is even $4, 6$, two possibilities, then there are only $\frac{10}{2} - 1 = 4$ possibilities for the units digit. This leaves $8$ possible digits for the hundreds and $7$ for the tens places, yielding a total of $2 \cdot 8 \cdot 7 \cdot 4 = 448$. Case $2$: Thousands digit is odd $5$, one possibility, then there are $5$ choices for the units digit, with $8$ digits for the hundreds and $7$ for the tens place. This gives $1 \cdot 8 \cdot 7 \cdot 5= 280$ possibilities. Together, the solution is $448 + 280 = \boxed{728}$.",728,probability & counting,digit-counting with constraints + case split,counting_and_probability/train
hendrycks_math,L2_HMATH_12,2,"What is the least positive integer that satisfies the following conditions? a) When divided by 2, the remainder is 1. b) When divided by 3, the remainder is 2. c) When divided by 4, the remainder is 3. d) When divided by 5, the remainder is 4.","Let the smallest common solution be $a$. The given system of congruences is \begin{align*} a\equiv 1\equiv -1\pmod 2,\\ a\equiv 2\equiv -1\pmod 3,\\ a\equiv 3\equiv -1\pmod 4,\\ a\equiv 4\equiv -1\pmod 5. \end{align*} Note that if $a\equiv-1\pmod 4$, then $a\equiv-1\pmod 2$ as well, so we need only consider the final three congruences. Since $\gcd(3,4)=\gcd(4,5)=\gcd(3,5)=1$, we have $$a\equiv -1\pmod{3\cdot 4\cdot 5},$$ that is, $a\equiv 59\pmod{60}$. So $a$ has a lower bound of $59$, but $59$ also happens to satisfy all of the original congruences. Thus, $a=\boxed{59}$.",59,arithmetic ,simultaneous congruences / CRT-style remainder matching,number_theory/train
olympiadbench,L2_OLY_2581,2,"In the diagram, a straight, flat road joins $A$ to $B$. <image_1> Karuna runs from $A$ to $B$, turns around instantly, and runs back to $A$. Karuna runs at $6 \mathrm{~m} / \mathrm{s}$. Starting at the same time as Karuna, Jorge runs from $B$ to $A$, turns around instantly, and runs back to $B$. Jorge runs from $B$ to $A$ at $5 \mathrm{~m} / \mathrm{s}$ and from $A$ to $B$ at $7.5 \mathrm{~m} / \mathrm{s}$. The distance from $A$ to $B$ is $297 \mathrm{~m}$ and each runner takes exactly $99 \mathrm{~s}$ to run their route. Determine the two values of $t$ for which Karuna and Jorge are at the same place on the road after running for $t$ seconds.","[ ""Suppose that Karuna and Jorge meet for the first time after $t_{1}$ seconds and for the second time after $t_{2}$ seconds.\n\nWhen they meet for the first time, Karuna has run partway from $A$ to $B$ and Jorge has run partway from $B$ to $A$.\n\n<img_3496>\n\nAt this instant, the sum of the distances that they have run equals the total distance from $A$ to $B$.\n\nSince Karuna runs at $6 \\mathrm{~m} / \\mathrm{s}$ for these $t_{1}$ seconds, she has run $6 t_{1} \\mathrm{~m}$.\n\nSince Jorge runs at $5 \\mathrm{~m} / \\mathrm{s}$ for these $t_{1}$ seconds, he has run $5 t_{1} \\mathrm{~m}$.\n\nTherefore, $6 t_{1}+5 t_{1}=297$ and so $11 t_{1}=297$ or $t_{1}=27$.\n\nWhen they meet for the second time, Karuna has run from $A$ to $B$ and is running back to $A$ and Jorge has run from $B$ to $A$ and is running back to $B$. This is because Jorge gets to $A$ halfway through his run before Karuna gets back to $A$ at the end of her run.\n\n<img_3542>\n\nSince they each finish running after 99 seconds, then each has $99-t_{2}$ seconds left to run. At this instant, the sum of the distances that they have left to run equals the total distance from $A$ to $B$.\n\nSince Karuna runs at $6 \\mathrm{~m} / \\mathrm{s}$ for these $\\left(99-t_{2}\\right)$ seconds, she has to run $6\\left(99-t_{2}\\right) \\mathrm{m}$.\n\nSince Jorge runs at $7.5 \\mathrm{~m} / \\mathrm{s}$ for these $\\left(99-t_{2}\\right)$ seconds, he has to run $7.5\\left(99-t_{2}\\right) \\mathrm{m}$.\n\nTherefore, $6\\left(99-t_{2}\\right)+7.5\\left(99-t_{2}\\right)=297$ and so $13.5\\left(99-t_{2}\\right)=297$ or $99-t_{2}=22$ and so $t_{2}=77$.\n\nAlternatively, to calculate the value of $t_{2}$, we note that when Karuna and Jorge meet for the second time, they have each run the distance from $A$ to $B$ one full time and are on their return trips.\n\nThis means that they have each run the full distance from $A$ to $B$ once and the distances that they have run on their return trip add up to another full distance from $A$ to $B$, for a total distance of $3 \\cdot 297 \\mathrm{~m}=891 \\mathrm{~m}$.\n\nKaruna has run at $6 \\mathrm{~m} / \\mathrm{s}$ for $t_{2}$ seconds, for a total distance of $6 t_{2} \\mathrm{~m}$.\n\nJorge ran the first $297 \\mathrm{~m}$ at $5 \\mathrm{~m} / \\mathrm{s}$, which took $\\frac{297}{5} \\mathrm{~s}$ and ran the remaining $\\left(t_{2}-\\frac{297}{5}\\right)$ seconds at $7.5 \\mathrm{~m} / \\mathrm{s}$, for a total distance of $\\left(297+7.5\\left(t_{2}-\\frac{297}{5}\\right)\\right) \\mathrm{m}$.\n\nTherefore,\n\n$$\n\\begin{aligned}\n6 t_{2}+297+7.5\\left(t_{2}-\\frac{297}{5}\\right) & =891 \\\\\n13.5 t_{2} & =891-297+7.5 \\cdot \\frac{297}{5} \\\\\n13.5 t_{2} & =1039.5 \\\\\nt_{2} & =77\n\\end{aligned}\n$$\n\nTherefore, Karuna and Jorge meet after 27 seconds and after 77 seconds."" ]","27,77",arithmetic ,multi-agent rate problem with direction change,OE_MM_maths_en_COMP/train
hendrycks_math,L3_HMATH_03,3,Simplify $\frac{4}{3x^{-3}} \cdot \frac{3x^{2}}{2}$.,"First, we recognize that $\frac{4}{3x^{-3}}$ can be rewritten as $\frac{4x^3}{3}$. Thus, we have \begin{align*} \frac{4}{3x^{-3}} \cdot \frac{3x^{2}}{2} & = \frac{4x^3}{3} \cdot \frac{3x^2}{2} \\ & = \frac{(4 \cdot 3)(x^3 \cdot x^2)}{3 \cdot 2} \\ & = 2x^{3+2} \\ & = \boxed{2x^5}. \end{align*}",2x^5,algebra,rational expression simplification with negative exponents ,algebra/train
hendrycks_math,L3_HMATH_05,3,"Let $(x,y)$ be an ordered pair of real numbers that satisfies the equation $x^2+y^2=14x+48y$. What is the minimum value of $y$?","Moving all the terms to the LHS, we have the equation $x^2-14x+y^2-48y=0$. Completing the square on the quadratic in $x$, we add $(14/2)^2=49$ to both sides. Completing the square on the quadratic in $y$, we add $(48/2)^2=576$ to both sides. We have the equation \[(x^2-14x+49)+(y^2-48y+576)=625 \Rightarrow (x-7)^2+(y-24)^2=625\]Rearranging, we have $(y-24)^2=625-(x-7)^2$. Taking the square root and solving for $y$, we get $y=\pm \sqrt{625-(x-7)^2}+24$. Since $\sqrt{625-(x-7)^2}$ is always nonnegative, the minimum value of $y$ is achieved when we use a negative sign in front of the square root. Now, we want the largest possible value of the square root. In other words, we want to maximize $625-(x-7)^2$. Since $(x-7)^2$ is always nonnegative, $625-(x-7)^2$ is maximized when $(x-7)^2=0$ or when $x=7$. At this point, $625-(x-7)^2=625$ and $y=-\sqrt{625}+24=-1$. Thus, the minimum $y$ value is $\boxed{-1}$. --OR-- Similar to the solution above, we can complete the square to get the equation $(x-7)^2+(y-24)^2=625$. This equation describes a circle with center at $(7,24)$ and radius $\sqrt{625}=25$. The minimum value of $y$ is achieved at the point on the bottom of the circle, which is located at $(7,24-25)=(7,-1)$. Thus, the minimum value of $y$ is $\boxed{-1}$.",-1,algebra,complete the square / circle form / minimise y,algebra/train
hendrycks_math,L3_HMATH_07,3,"In the diagram, $D$ and $E$ are the midpoints of $\overline{AB}$ and $\overline{BC}$ respectively. Find the sum of the slope and $y$-intercept of the line passing through the points $C$ and $D.$ [asy] size(180); defaultpen(linewidth(.7pt)+fontsize(10pt)); pair A, B, C, D, E, F; A=(0,6); B=(0,0); C=(8,0); D=(0,3); E=(4,0); F=(8/3,2); draw(E--A--C--D); draw((-1,0)--(10,0), EndArrow); draw((0,-1)--(0,8), EndArrow); label(""$A(0,6)$"", A, W); label(""$B(0,0)$"", B, SW); label(""$C(8,0)$"", C, S); label(""$D$"", D, W); label(""$E$"", E, S); label(""$F$"", F, SW); label(""$x$"", (10,0), dir(0)); label(""$y$"", (0,8), dir(90)); [/asy]","Since $D$ is the midpoint of $\overline{AB},$ it has coordinates $$\left(\frac{1}{2}(0+0),\frac{1}{2}(0+6)\right)=(0,3).$$The line passing through $C$ and $D$ has slope $$\frac{3-0}{0-8}=-\frac{3}{8};$$the $y$-intercept of this line is the $y$-coordinate of point $D,$ or $3.$ Therefore, the equation of the line passing through points $C$ and $D$ is $$y=-\frac{3}{8}x+3;$$the sum of the slope and $y$-intercept is then $$-\frac{3}{8}+3=-\frac{3}{8}+\frac{24}{8}=\boxed{\frac{21}{8}}.$$",21/8,algebra,midpoint / slope / y-intercept / compute m+b ,algebra/train
hendrycks_math,L3_HMATH_08,3,"Alex needs to borrow $\$10,\!000$ from the bank. The bank gives him two options. 1. A ten-year loan with an annual interest rate of $10\%$ compounded quarterly, with the condition that at the end of 5 years, Alex must make a payment equal to half of what he owes. The other half continues to accrue interest, and at the end of the ten years, Alex will pay off the remaining balance. 2. A ten-year loan with a simple annual interest rate of $12\%$, with just one lump-sum payment at the end of the ten years. Find the positive difference between the total amounts Alex has to pay back under the two schemes. Round your answer to the nearest dollar.","For the compounded interest, we use the formula $A=P\left(1+\frac{r}{n}\right)^{nt}$, where $A$ is the end balance, $P$ is the principal, $r$ is the interest rate, $t$ is the number of years, and $n$ is the number of times compounded in a year. First we find out how much he would owe in $5$ years, which is $$\$10,\!000\left(1+\frac{0.1}{4}\right)^{4 \cdot 5} \approx \$16,\!386.16$$ He pays off half of it in $5$ years, which is $\frac{\$16,\!386.16}{2}=\$8193.08$ He has $\$8193.08$ left to be compounded over the next $5$ years. This then becomes $$\$8193.08\left(1+\frac{0.1}{4}\right)^{4 \cdot 5} \approx \$13,\!425.32$$ He has to pay back a total of $\$8193.08+\$13,\!425.32=\$21,\!618.40$ in ten years if he chooses the compounding interest. For the simple interest, he would have to pay $0.12 \cdot 10000=1200$ dollars per year. This means he would have to pay a total of $10000+10 \cdot 1200=22000$ dollars in ten years. Therefore, he should choose the compounded interest and save $\$22000-\$21618.40=\$381.6 \approx \boxed{382 \text{ dollars}}$.",382,algebra,compound interest with mid-term partial repayment vs simple interest lump sum,algebra/train
hendrycks_math,L3_HMATH_14,3,"For real numbers $t,$ the point \[(x,y) = (2^t - 3, 4^t - 5 \cdot 2^t - 1)\]is plotted. All the plotted points lie on what kind of curve? (A) Line (B) Circle (C) Parabola (D) Ellipse (E) Hyperbola Enter the letter of the correct option.","Let $x = 2^t - 3.$ Then $2^t = x + 3,$ and \begin{align*} y &= 4^t - 5 \cdot 2^t - 1 \\ &= (2^t)^2 - 5 \cdot 2^t - 1 \\ &= (x + 3)^2 - 5(x + 3) - 1 \\ &= x^2 + x - 7. \end{align*}Thus, all the plotted points lie on a parabola. The answer is $\boxed{\text{(C)}}.$",C,algebra,parametric elimination and curve classification,precalculus/train
hendrycks_math,L3_HMATH_15,3,Let $\mathbf{a} = \begin{pmatrix} 2 \\ 1 \\ 5 \end{pmatrix}.$ Find the vector $\mathbf{b}$ such that $\mathbf{a} \cdot \mathbf{b} = 11$ and \[\mathbf{a} \times \mathbf{b} = \begin{pmatrix} -13 \\ -9 \\ 7 \end{pmatrix}.\],"Let $\mathbf{b} = \begin{pmatrix} x \\ y \\ z \end{pmatrix}.$ Then the equation $\mathbf{a} \cdot \mathbf{b} = 11$ gives us $2x + y + 5z = 11.$ Also, \[\mathbf{a} \times \mathbf{b} = \begin{pmatrix} 2 \\ 1 \\ 5 \end{pmatrix} \times \begin{pmatrix} x \\ y \\ z \end{pmatrix} = \begin{pmatrix} -5y + z \\ 5x - 2z \\ -x + 2y \end{pmatrix}.\]Comparing entries, we obtain \begin{align*} -5y + z &= -13, \\ 5x - 2z &= -9, \\ -x + 2y &= 7. \end{align*}Solving this system, along with the equation $2x + y + z = 5z = 11,$ we find $x = -1,$ $y = 3,$ and $z = 2.$ Hence, $\mathbf{b} = \boxed{\begin{pmatrix} -1 \\ 3 \\ 2 \end{pmatrix}}.$","-1,3,2",linear algebra ,dot+cross constraints / linear system,precalculus/train
hendrycks_math,L3_HMATH_18,3,"In the diagram, $QRS$ is a straight line. What is the measure of $\angle RPS,$ in degrees? [asy] pair Q=(0,0); pair R=(1.3,0); pair SS=(2.3,0); pair P=(.8,1); draw(P--Q--R--SS--P--R); label(""$Q$"",Q,S); label(""$R$"",R,S); label(""$S$"",SS,S); label(""$P$"",P,N); label(""$48^\circ$"",Q+(.12,.05),NE); label(""$67^\circ$"",P-(.02,.15),S); label(""$38^\circ$"",SS+(-.32,.05),NW); [/asy]","Since the sum of the angles in a triangle is $180^\circ,$ then \begin{align*} \angle QPS &= 180^\circ - \angle PQS - \angle PSQ \\ &= 180^\circ - 48^\circ - 38^\circ \\ &= 94^\circ. \end{align*}Therefore, \begin{align*} \angle RPS &= \angle QPS - \angle QPR \\ &= 94^\circ - 67^\circ \\ &= \boxed{27^\circ}. \end{align*}",27,geometry,angle chasing using triangle sum + straight-line angles,prealgebra/train
hendrycks_math,L3_HMATH_19,3,"Triangle $ABC$, $ADE$, and $EFG$ are all equilateral. Points $D$ and $G$ are midpoints of $\overline{AC}$ and $\overline{AE}$, respectively. If $AB=4$, what is the perimeter of figure $ABCDEFG$? [asy] /* AMC8 2000 #15 Problem */ draw((0,0)--(4,0)--(5,2)--(5.5,1)--(4.5,1)); draw((0,0)--(2,4)--(4,0)); draw((3,2)--(5,2)); label(""$A$"", (3.7,0), SE); label(""$B$"", (0,0), SW); label(""$C$"", (2,4), N); label(""$D$"", (2.8,2), NE); label(""$E$"", (4.8,2), NE); label(""$F$"", (5.3,1.05), SE); label(""$G$"", (4.3, 1.05), SE); [/asy]",We have \begin{align*} AB+BC+CD+DE+EF+FG+GA&=\\ 4+4+2+2+1+1+1&=\boxed{15}\\ \end{align*},15,geometry,perimeter decomposition using equilateral symmetry + midpoint halving,prealgebra/train
olympiadbench,L3_OLY_2549,3,Consider the function $f(x)=x^{2}-2 x$. Determine all real numbers $x$ that satisfy the equation $f(f(f(x)))=3$.,"[ ""Let $a=f(f(x))$.\n\nThus, the equation $f(f(f(x)))=3$ is equivalent to $f(a)=3$.\n\nSince $f(a)=a^{2}-2 a$, then we obtain the equation $a^{2}-2 a=3$ which gives $a^{2}-2 a-3=0$ and $(a-3)(a+1)=0$.\n\nThus, $a=3$ or $a=-1$ which means that $f(f(x))=3$ or $f(f(x))=-1$.\n\nLet $b=f(x)$.\n\nThus, the equations $f(f(x))=3$ and $f(f(x))=-1$ become $f(b)=3$ and $f(b)=-1$.\n\nIf $f(b)=3$, then $b=f(x)=3$ or $b=f(x)=-1$ using similar reasoning to above when $f(a)=3$.\n\nIf $f(b)=-1$, then $b^{2}-2 b=-1$ and so $b^{2}-2 b+1=0$ or $(b-1)^{2}=0$ which means that $b=f(x)=1$.\n\nThus, $f(x)=3$ or $f(x)=-1$ or $f(x)=1$.\n\nIf $f(x)=3$, then $x=3$ or $x=-1$ as above.\n\nIf $f(x)=-1$, then $x=1$ as above.\n\nIf $f(x)=1$, then $x^{2}-2 x=1$ and so $x^{2}-2 x-1=0$.\n\nBy the quadratic formula,\n\n$$\nx=\\frac{-(-2) \\pm \\sqrt{(-2)^{2}-4(1)(-1)}}{2(1)}=\\frac{2 \\pm \\sqrt{8}}{2}=1 \\pm \\sqrt{2}\n$$\n\nTherefore, the solutions to the equation $f(f(f(x)))=3$ are $x=3,1,-1,1+\\sqrt{2}, 1-\\sqrt{2}$."" ]","3,-1,1+sqrt(2),1-sqrt(2)",algebra,functional equation via composition + quadratic factorisation + case splitting,OE_TO_maths_en_COMP/train
hendrycks_math,L4_HMATH_13,4,The number $2017$ is prime. Let $S = \sum \limits_{k=0}^{62} \dbinom{2014}{k}$. What is the remainder when $S$ is divided by $2017?$ $\textbf{(A) }32\qquad \textbf{(B) }684\qquad \textbf{(C) }1024\qquad \textbf{(D) }1576\qquad \textbf{(E) }2016\qquad$,"Note that $2014\equiv -3 \mod2017$. We have for $k\ge1$\[\dbinom{2014}{k}\equiv \frac{(-3)(-4)(-5)....(-2-k)}{k!}\mod 2017\]\[\equiv (-1)^k\dbinom{k+2}{k} \mod 2017\]\[\equiv (-1)^k\dbinom{k+2}{2} \mod 2017\]Therefore\[\sum \limits_{k=0}^{62} \dbinom{2014}{k}\equiv \sum \limits_{k=0}^{62}(-1)^k\dbinom{k+2}{2} \mod 2017\]This is simply an alternating series of triangular numbers that goes like this: $1-3+6-10+15-21....$ After finding the first few sums of the series, it becomes apparent that\[\sum \limits_{k=1}^{n}(-1)^k\dbinom{k+2}{2}\equiv -\left(\frac{n+1}{2} \right) \left(\frac{n+1}{2}+1 \right) \mod 2017 \textnormal{ if n is odd}\]and\[\sum \limits_{k=1}^{n}(-1)^k\dbinom{k+2}{2}\equiv \left(\frac{n}{2}+1 \right)^2 \mod 2017 \textnormal{ if n is even}\]Obviously, $62$ falls in the second category, so our desired value is\[\left(\frac{62}{2}+1 \right)^2 = 32^2 = \boxed{1024}\]",1024,number theory,binomial coefficient congruence + series identity ,number_theory/train
hendrycks_math,L4_HMATH_16,4,Find the least positive integer $n$ such that $$\frac 1{\sin 45^\circ\sin 46^\circ}+\frac 1{\sin 47^\circ\sin 48^\circ}+\cdots+\frac 1{\sin 133^\circ\sin 134^\circ}=\frac 1{\sin n^\circ}.$$,"Each term is of the form $\frac{1}{\sin k^\circ \sin (k + 1)^\circ}.$ To deal with this term, we look at $\sin ((k + 1)^\circ - k^\circ).$ From the angle subtraction formula, \[\sin ((k + 1)^\circ - k^\circ) = \sin (k + 1)^\circ \cos k^\circ - \cos (k + 1)^\circ \sin k^\circ.\]Then \begin{align*} \frac{\sin 1^\circ}{\sin k^\circ \sin (k + 1)^\circ} &= \frac{\sin ((k + 1)^\circ - k^\circ)}{\sin k^\circ \sin (k + 1)^\circ} \\ &= \frac{\sin (k + 1)^\circ \cos k^\circ - \cos (k + 1)^\circ \sin k^\circ}{\sin k^\circ \sin (k + 1)^\circ} \\ &= \frac{\cos k^\circ}{\sin k^\circ} - \frac{\cos (k + 1)^\circ}{\sin (k + 1)^\circ} \\ &= \cot k^\circ - \cot (k + 1)^\circ. \end{align*}Hence, \[\frac{1}{\sin k^\circ \sin (k + 1)^\circ} = \frac{1}{\sin 1^\circ} (\cot k^\circ - \cot (k + 1)^\circ).\]Then \begin{align*} &\frac{1}{\sin 45^\circ \sin 46^\circ} + \frac{1}{\sin 47^\circ \sin 48^\circ} + \dots + \frac{1}{\sin 133^\circ \sin 134^\circ} \\ &= \frac{1}{\sin 1^\circ} (\cot 45^\circ - \cot 46^\circ + \cot 47^\circ - \cot 48^\circ + \dots + \cot 133^\circ - \cot 134^\circ). \end{align*}Since $\cot (180^\circ - x) = -\cot x,$ the sum reduces to \[\frac{\cot 45^\circ - \cot 90^\circ}{\sin 1^\circ} = \frac{1}{\sin 1^\circ}.\]Thus, the smallest such positive integer $n$ is $\boxed{1}.$",1,trigonometry,rewrite term via trig identity / telescope using cot(k) - cot(k+1) / boundary cancelation,precalculus/train
hendrycks_math,L4_HMATH_17,4,"Let $\mathrm {P}$ be the product of the roots of $z^6+z^4+z^3+z^2+1=0$ that have a positive imaginary part, and suppose that $\mathrm {P}=r(\cos{\theta^{\circ}}+i\sin{\theta^{\circ}})$, where $0<r$ and $0\leq \theta <360$. Find $\theta$.","First, we factor the given polynomial. The polynomial has almost all the powers of $z$ from 1 to $z^4,$ which we can fill in by adding and subtracting $z.$ This allows us to factor as follows: \begin{align*} z^6 + z^4 + z^3 + z^2 + 1 &= (z^6 - z) + z^4 + z^3 + z^2 + z + 1 \\ &= z(z^5 - 1) + z^4 + z^3 + z^2 + z + 1 \\ &= z(z - 1)(z^4 + z^3 + z^2 + z + 1) + z^4 + z^3 + z^2 + z + 1 \\ &= (z^2 - z + 1)(z^4 + z^3 + z^2 + z + 1). \end{align*}The roots of $z^2 - z + 1 = 0$ are \[z = \frac{1 \pm i \sqrt{3}}{2},\]which are $\operatorname{cis} 60^\circ$ and $\operatorname{cis} 300^\circ.$ Note that $(z - 1)(z^4 + z^3 + z^2 + z + 1) = z^5 - 1,$ so the roots of \[z^4 + z^3 + z^2 + z + 1 = 0\]are all the fifth roots of unity, except for 1. Thus, the roots are $\operatorname{cis} 72^\circ,$ $\operatorname{cis} 144^\circ,$ $\operatorname{cis} 216^\circ,$ and $\operatorname{cis} 288^\circ.$ The angles that correspond to a root with a positive imaginary part are $60^\circ,$ $72^\circ,$ and $144^\circ,$ so \[\theta = 60 + 72 + 144 = \boxed{276}.\]",276,complex numbers ,structural fatorisation + geometric interpretation of complex roots,precalculus/train
olympiadbench,L4_OLY_2231,4,"Turbo the snail sits on a point on a circle with circumference 1. Given an infinite sequence of positive real numbers $c_{1}, c_{2}, c_{3}, \ldots$. Turbo successively crawls distances $c_{1}, c_{2}, c_{3}, \ldots$ around the circle, each time choosing to crawl either clockwise or counterclockwise. For example, if the sequence $c_{1}, c_{2}, c_{3}, \ldots$ is $0.4,0.6,0.3, \ldots$, then Turbo may start crawling as follows: <image_1> Determine the largest constant $C>0$ with the following property: for every sequence of positive real numbers $c_{1}, c_{2}, c_{3}, \ldots$ with $c_{i}<C$ for all $i$, Turbo can (after studying the sequence) ensure that there is some point on the circle that it will never visit or crawl across.","[ ""The largest possible $C$ is $C=\\frac{1}{2}$.\n\nFor $0<C \\leqslant \\frac{1}{2}$, Turbo can simply choose an arbitrary point $P$ (different from its starting point) to avoid. When Turbo is at an arbitrary point $A$ different from $P$, the two arcs $A P$ have total length 1; therefore, the larger of the two the arcs (or either arc in case $A$ is diametrically opposite to $P$ ) must have length $\\geqslant \\frac{1}{2}$. By always choosing this larger arc (or either arc in case $A$ is diametrically opposite to $P$ ), Turbo will manage to avoid the point $P$ forever.\n\nFor $C>\\frac{1}{2}$, we write $C=\\frac{1}{2}+a$ with $a>0$, and we choose the sequence\n\n$$\n\\frac{1}{2}, \\quad \\frac{1+a}{2}, \\quad \\frac{1}{2}, \\quad \\frac{1+a}{2}, \\quad \\frac{1}{2}, \\ldots\n$$\n\nIn other words, $c_{i}=\\frac{1}{2}$ if $i$ is odd and $c_{i}=\\frac{1+a}{2}<C$ when $i$ is even. We claim Turbo must eventually visit all points on the circle. This is clear when it crawls in the same direction two times in a row; after all, we have $c_{i}+c_{i+1}>1$ for all $i$. Therefore, we are left with the case that Turbo alternates crawling clockwise and crawling counterclockwise. If it, without loss of generality, starts by going clockwise, then it will always crawl a distance $\\frac{1}{2}$ clockwise followed by a distance $\\frac{1+a}{2}$ counterclockwise. The net effect is that it crawls a distance $\\frac{a}{2}$ counterclockwise. Because $\\frac{a}{2}$ is positive, there exists a positive integer $N$ such that $\\frac{a}{2} \\cdot N>1$. After $2 N$ crawls, Turbo will have crawled a distance $\\frac{a}{2}$ counterclockwise $N$ times, therefore having covered a total distance of $\\frac{a}{2} \\cdot N>1$, meaning that it must have crawled over all points on the circle.\n\nNote: Every sequence of the form $c_{i}=x$ if $i$ is odd, and $c_{i}=y$ if $i$ is even, where $0<x, y<C$, such that $x+y \\geqslant 1$, and $x \\neq y$ satisfies the conditions with the same argument. There might be even more possible examples."", ""To show that $C\\le \\frac12$\n\nWe consider the following related problem:\n\nWe assume instead that the snail Chet is moving left and right on the real line. Find the size $M$ of the smallest (closed) interval, that we cannot force Chet out of, using a sequence of real numbers $d_{i}$ with $0<d_{i}<1$ for all $i$.\n\nThen $C=1 / M$. Indeed if for every sequence $c_{1}, c_{2}, \\ldots$, with $c_{i}<C$ there exists a point that Turbo can avoid, then the circle can be cut open at the avoided point and mapped to an interval of size $M$ such that Chet can stay inside this interval for any sequence of the from $c_{1} / C, c_{2} / C, \\ldots$, see Figure 5 . However, all sequences $d_{1}, d_{2}, \\ldots$ with $d_{i}<1$ can be written in this form. Similarly if for every sequence $d_{1}, d_{2}, \\ldots$, there exists an interval of length smaller or equal $M$ that we cannot force Chet out of, this projects to a subset of the circle, that we cannot force Turbo out of using any sequence of the form $d_{1} / M, d_{2} / M, \\ldots$. These are again exactly all the sequences with elements in $[0, C)$.\n\n<img_3381>\n\nFigure 5: Chet and Turbo equivalence\n\nClaim: $M \\geqslant 2$.\n\nProof. Suppose not, so $M<2$. Say $M=2-2 \\varepsilon$ for some $\\varepsilon>0$ and let $[-1+\\varepsilon, 1-\\varepsilon]$ be a minimal interval, that Chet cannot be forced out of. Then we can force Chet arbitrarily close to $\\pm(1-\\varepsilon)$. In partiular, we can force Chet out of $\\left[-1+\\frac{4}{3} \\varepsilon, 1-\\frac{4}{3} \\varepsilon\\right]$ by minimality of $M$. This means that there exists a sequence $d_{1}, d_{2}, \\ldots$ for which Chet has to leave $\\left[-1+\\frac{4}{3} \\varepsilon, 1-\\frac{4}{3} \\varepsilon\\right]$, which means he ends up either in the interval $\\left[-1+\\varepsilon,-1+\\frac{4}{3} \\varepsilon\\right)$ or in the interval $\\left(1-\\frac{4}{3} \\varepsilon, 1-\\varepsilon\\right]$.\n\nNow consider the sequence,\n\n$$\nd_{1}, 1-\\frac{7}{6} \\varepsilon, 1-\\frac{2}{3} \\varepsilon, 1-\\frac{2}{3} \\varepsilon, 1-\\frac{7}{6} \\varepsilon, d_{2}, 1-\\frac{7}{6} \\varepsilon, 1-\\frac{2}{3} \\varepsilon, 1-\\frac{2}{3} \\varepsilon, 1-\\frac{7}{6} \\varepsilon, d_{3}, \\ldots\n$$\n\nobtained by adding the sequence $1-\\frac{7}{6} \\varepsilon, 1-\\frac{2}{3} \\varepsilon, 1-\\frac{2}{3} \\varepsilon, 1-\\frac{7}{6} \\varepsilon$ in between every two steps. We claim that this sequence forces Chet to leave the larger interval $[-1+\\varepsilon, 1-\\varepsilon]$. Indeed no two consecutive elements in the sequence $1-\\frac{7}{6} \\varepsilon, 1-\\frac{2}{3} \\varepsilon, 1-\\frac{2}{3} \\varepsilon, 1-\\frac{7}{6} \\varepsilon$ can have the same sign, because the sum of any two consecutive terms is larger than $2-2 \\varepsilon$ and Chet would leave the interval $[-1+\\varepsilon, 1-\\varepsilon]$. It follows that the $\\left(1-\\frac{7}{6} \\varepsilon\\right)$ 's and the $\\left(1-\\frac{2}{3} \\varepsilon\\right)$ 's cancel out, so the position after $d_{k}$ is the same as before $d_{k+1}$. Hence, the positions after each $d_{k}$ remain the same as in the original sequence. Thus, Chet is also forced to the boundary in the new sequence.\n\nIf Chet is outside the interval $\\left[-1+\\frac{4}{3} \\varepsilon, 1-\\frac{4}{3} \\varepsilon\\right]$, then Chet has to move $1-\\frac{7}{6} \\varepsilon$ towards 0 , and ends in $\\left[-\\frac{1}{6} \\varepsilon, \\frac{1}{6} \\varepsilon\\right]$. Chet then has to move by $1-\\frac{2}{3} \\varepsilon$, which means that he has to leave the interval $[-1+\\varepsilon, 1-\\varepsilon]$. Indeed the absolute value of the final position is at least $1-\\frac{5}{6} \\varepsilon$. This contradicts the assumption, that we cannot force Chet out of $[-1+\\varepsilon, 1-\\varepsilon]$. Hence $M \\geqslant 2$ as needed."" ]",2,geometry,extremal constant + adversarial contrusction ,OE_MM_maths_en_COMP/train
olympiadbench,L4_OLY_1606,4,"Xenia and Sergey play the following game. Xenia thinks of a positive integer $N$ not exceeding 5000. Then she fixes 20 distinct positive integers $a_{1}, a_{2}, \ldots, a_{20}$ such that, for each $k=1,2, \ldots, 20$, the numbers $N$ and $a_{k}$ are congruent modulo $k$. By a move, Sergey tells Xenia a set $S$ of positive integers not exceeding 20 , and she tells him back the set $\left\{a_{k}: k \in S\right\}$ without spelling out which number corresponds to which index. How many moves does Sergey need to determine for sure the number Xenia thought of?","[ ""Sergey can determine Xenia's number in 2 but not fewer moves.\n\n\n\nWe first show that 2 moves are sufficient. Let Sergey provide the set $\\{17,18\\}$ on his first move, and the set $\\{18,19\\}$ on the second move. In Xenia's two responses, exactly one number occurs twice, namely, $a_{18}$. Thus, Sergey is able to identify $a_{17}, a_{18}$, and $a_{19}$, and thence the residue of $N$ modulo $17 \\cdot 18 \\cdot 19=5814>5000$, by the Chinese Remainder Theorem. This means that the given range contains a single number satisfying all congruences, and Sergey achieves his goal.\n\n\n\nTo show that 1 move is not sufficient, let $M=\\operatorname{lcm}(1,2, \\ldots, 10)=2^{3} \\cdot 3^{2} \\cdot 5 \\cdot 7=2520$. Notice that $M$ is divisible by the greatest common divisor of every pair of distinct positive integers not exceeding 20. Let Sergey provide the set $S=\\left\\{s_{1}, s_{2}, \\ldots, s_{k}\\right\\}$. We show that there exist pairwise distinct positive integers $b_{1}, b_{2}, \\ldots, b_{k}$ such that $1 \\equiv b_{i}\\left(\\bmod s_{i}\\right)$ and $M+1 \\equiv b_{i-1}\\left(\\bmod s_{i}\\right)$ (indices are reduced modulo $k$ ). Thus, if in response Xenia provides the set $\\left\\{b_{1}, b_{2}, \\ldots, b_{k}\\right\\}$, then Sergey will be unable to distinguish 1 from $M+1$, as desired.\n\n\n\nTo this end, notice that, for each $i$, the numbers of the form $1+m s_{i}, m \\in \\mathbb{Z}$, cover all residues modulo $s_{i+1}$ which are congruent to $1(\\equiv M+1)$ modulo $\\operatorname{gcd}\\left(s_{i}, s_{i+1}\\right) \\mid M$. Xenia can therefore choose a positive integer $b_{i}$ such that $b_{i} \\equiv 1\\left(\\bmod s_{i}\\right)$ and $b_{i} \\equiv M+1\\left(\\bmod s_{i+1}\\right)$. Clearly, such choices can be performed so as to make the $b_{i}$ pairwise distinct, as required."" ]",2,number theory,interactive identification game via modular residues (CRT) + impossibility lower bound ,OE_TO_maths_en_COMP/train
olympiadbench,L4_OLY_1915,4,"On a flat plane in Camelot, King Arthur builds a labyrinth $\mathfrak{L}$ consisting of $n$ walls, each of which is an infinite straight line. No two walls are parallel, and no three walls have a common point. Merlin then paints one side of each wall entirely red and the other side entirely blue. At the intersection of two walls there are four corners: two diagonally opposite corners where a red side and a blue side meet, one corner where two red sides meet, and one corner where two blue sides meet. At each such intersection, there is a two-way door connecting the two diagonally opposite corners at which sides of different colours meet. After Merlin paints the walls, Morgana then places some knights in the labyrinth. The knights can walk through doors, but cannot walk through walls. Let $k(\mathfrak{L})$ be the largest number $k$ such that, no matter how Merlin paints the labyrinth $\mathfrak{L}$, Morgana can always place at least $k$ knights such that no two of them can ever meet. For each $n$, what are all possible values for $k(\mathfrak{L})$, where $\mathfrak{L}$ is a labyrinth with $n$ walls?","[ ""First we show by induction that the $n$ walls divide the plane into $\\left(\\begin{array}{c}n+1 \\\\ 2\\end{array}\\right)+1$ regions. The claim is true for $n=0$ as, when there are no walls, the plane forms a single region. When placing the $n^{\\text {th }}$ wall, it intersects each of the $n-1$ other walls exactly once and hence splits each of $n$ of the regions formed by those other walls into two regions. By the induction hypothesis, this yields $\\left(\\left(\\begin{array}{l}n \\\\ 2\\end{array}\\right)+1\\right)+n=\\left(\\begin{array}{c}n+1 \\\\ 2\\end{array}\\right)+1$ regions, proving the claim.\n\nNow let $G$ be the graph with vertices given by the $\\left(\\begin{array}{c}n+1 \\\\ 2\\end{array}\\right)+1$ regions, and with two regions connected by an edge if there is a door between them.\n\nWe now show that no matter how Merlin paints the $n$ walls, Morgana can place at least $n+1$ knights. No matter how the walls are painted, there are exactly $\\left(\\begin{array}{l}n \\\\ 2\\end{array}\\right)$ intersection points, each of which corresponds to a single edge in $G$. Consider adding the edges of $G$ sequentially and note that each edge reduces the number of connected components by at most one. Therefore the number of connected components of $\\mathrm{G}$ is at least $\\left(\\begin{array}{c}n+1 \\\\ 2\\end{array}\\right)+1-\\left(\\begin{array}{l}n \\\\ 2\\end{array}\\right)=n+1$. If Morgana places a knight in regions corresponding to different connected components of $G$, then no two knights can ever meet.\n\nNow we give a construction showing that, no matter what shape the labyrinth is, Merlin can colour it such that there are exactly $n+1$ connected components, allowing Morgana to place at most $n+1$ knights.\n\nFirst, we choose a coordinate system on the labyrinth so that none of the walls run due north-south, or due east-west. We then have Merlin paint the west face of each wall red, and the east face of each wall blue. We label the regions according to how many walls the region is on the east side of: the labels are integers between 0 and $n$.\n\nWe claim that, for each $i$, the regions labelled $i$ are connected by doors. First, we note that for each $i$ with $0 \\leqslant i \\leqslant n$ there is a unique region labelled $i$ which is unbounded to the north.\n\nNow, consider a knight placed in some region with label $i$, and ask them to walk north (moving east or west by following the walls on the northern sides of regions, as needed). This knight will never get stuck: each region is convex, and so, if it is bounded to the north, it has a single northernmost vertex with a door northwards to another region with label $i$.\n\nEventually it will reach a region which is unbounded to the north, which will be the unique such region with label $i$. Hence every region with label $i$ is connected to this particular region, and so all regions with label $i$ are connected to each other.\n\nAs a result, there are exactly $n+1$ connected components, and Morgana can place at most $n+1$ knights."", ""We give another description of a strategy for Merlin to paint the walls so that Morgana can place no more than $n+1$ knights.\n\nMerlin starts by building a labyrinth of $n$ walls of his own design. He places walls in turn with increasing positive gradients, placing each so far to the right that all intersection points of previously-placed lines lie to the left of it. He paints each in such a way that blue is on the left and red is on the right.\n\nFor example, here is a possible sequence of four such lines $\\ell_{1}, \\ell_{2}, \\ell_{3}, \\ell_{4}$ :\n\n<img_3427>\n\nWe say that a region is \""on the right\"" if it has $x$-coordinate unbounded above (note that if we only have one wall, then both regions are on the right). We claim inductively that, after placing $n$ lines, there are $n+1$ connected components in the resulting labyrinth, each of which contains exactly one region on the right. This is certainly true after placing 0 lines, as then there is only one region (and hence one connected component) and it is on the right.\n\nWhen placing the $n^{\\text {th }}$ line, it then cuts every one of the $n-1$ previously placed lines, and since it is to the right of all intersection points, the regions it cuts are exactly the $n$ regions on the right.\n\n<img_3985>\n\nThe addition of this line leaves all previous connected components with exactly one region on the right, and creates a new connected component containing exactly one region, and that region is also on the right. As a result, by induction, this particular labyrinth will have $n+1$ connected components.\n\nHaving built this labyrinth, Merlin then moves the walls one-by-one (by a sequence of continuous translations and rotations of lines) into the proper position of the given labyrinth, in such a way that no two lines ever become parallel.\n\n\n\nThe only time the configuration is changed is when one wall is moved through an intersection point of two others:\n<img_3360>\n\nNote that all moves really do switch between two configurations like this: all sets of three lines have this colour configuration initially, and the rules on rotations mean they are preserved (in particular, we cannot create three lines creating a triangle with three red edges inwards, or three blue edges inwards).\n\nHowever, as can be seen, such a move preserves the number of connected components, so in the painting this provides for Arthur's actual labyrinth, Morgana can still only place at most $n+1$ knights."" ]",n+1,combinatorics ,planar line arrangement / region-adjacency graph via doors / connected-components lower bound / extremal colouring construction,OE_TO_maths_en_COMP/train
olympiadbench,L4_OLY_1709,4,"For each positive integer $k$, let $t(k)$ be the largest odd divisor of $k$. Determine all positive integers $a$ for which there exists a positive integer $n$ such that all the differences $$ t(n+a)-t(n), \quad t(n+a+1)-t(n+1), \quad \ldots, \quad t(n+2 a-1)-t(n+a-1) $$ are divisible by 4 .","[ ""A pair $(a, n)$ satisfying the condition of the problem will be called a winning pair. It is straightforward to check that the pairs $(1,1),(3,1)$, and $(5,4)$ are winning pairs.\n\nNow suppose that $a$ is a positive integer not equal to 1,3 , and 5 . We will show that there are no winning pairs $(a, n)$ by distinguishing three cases.\n\nCase 1: $a$ is even. In this case we have $a=2^{\\alpha} d$ for some positive integer $\\alpha$ and some odd $d$. Since $a \\geq 2^{\\alpha}$, for each positive integer $n$ there exists an $i \\in\\{0,1, \\ldots, a-1\\}$ such that $n+i=2^{\\alpha-1} e$, where $e$ is some odd integer. Then we have $t(n+i)=t\\left(2^{\\alpha-1} e\\right)=e$ and\n\n$$\nt(n+a+i)=t\\left(2^{\\alpha} d+2^{\\alpha-1} e\\right)=2 d+e \\equiv e+2 \\quad(\\bmod 4) .\n$$\n\nSo we get $t(n+i)-t(n+a+i) \\equiv 2(\\bmod 4)$, and $(a, n)$ is not a winning pair.\n\nCase 2: $a$ is odd and $a>8$. For each positive integer $n$, there exists an $i \\in\\{0,1, \\ldots, a-5\\}$ such that $n+i=2 d$ for some odd $d$. We get\n\n$$\nt(n+i)=d \\not \\equiv d+2=t(n+i+4) \\quad(\\bmod 4)\n$$\n\nand\n\n$$\nt(n+a+i)=n+a+i \\equiv n+a+i+4=t(n+a+i+4) \\quad(\\bmod 4)\n$$\n\nTherefore, the integers $t(n+a+i)-t(n+i)$ and $t(n+a+i+4)-t(n+i+4)$ cannot be both divisible by 4 , and therefore there are no winning pairs in this case.\n\nCase 3: $a=7$. For each positive integer $n$, there exists an $i \\in\\{0,1, \\ldots, 6\\}$ such that $n+i$ is either of the form $8 k+3$ or of the form $8 k+6$, where $k$ is a nonnegative integer. But we have\n\n$$\nt(8 k+3) \\equiv 3 \\not \\equiv 1 \\equiv 4 k+5=t(8 k+3+7) \\quad(\\bmod 4)\n$$\n\nand\n\n$$\nt(8 k+6)=4 k+3 \\equiv 3 \\not \\equiv 1 \\equiv t(8 k+6+7) \\quad(\\bmod 4)\n$$\n\nHence, there are no winning pairs of the form $(7, n)$."" ]","1,3,5",number theory,modular arithmetic + case split on parity + extremal classification of parameters,OE_TO_maths_en_COMP/train
olympiadbench,L4_OLY_1612,4,Find (in closed form) the difference between the number of positive integers at most $2^{2017}$ with even weight and the number of positive integers at most $2^{2017}$ with odd weight.,"[ ""For every integer $M \\geq 0$, let $A_{M}=\\sum_{n=-2^{M}+1}^{0}(-1)^{w(n)}$ and let $B_{M}=$ $\\sum_{n=1}^{2^{M}}(-1)^{w(n)}$; thus, $B_{M}$ evaluates the difference of the number of even weight integers in the range 1 through $2^{M}$ and the number of odd weight integers in that range.\n\n\n\nNotice that\n\n\n\n$$\n\nw(n)= \\begin{cases}w\\left(n+2^{M}\\right)+1 & \\text { if }-2^{M}+1 \\leq n \\leq-2^{M-1} \\\\ w\\left(n-2^{M}\\right) & \\text { if } 2^{M-1}+1 \\leq n \\leq 2^{M}\\end{cases}\n\n$$\n\n\n\n\n\n\n\nto get\n\n\n\n$$\n\n\\begin{aligned}\n\n& A_{M}=-\\sum_{n=-2^{M}+1}^{-2^{M-1}}(-1)^{w\\left(n+2^{M}\\right)}+\\sum_{n=-2^{M-1}+1}^{0}(-1)^{w(n)}=-B_{M-1}+A_{M-1}, \\\\\n\n& B_{M}=\\sum_{n=1}^{2^{M-1}}(-1)^{w(n)}+\\sum_{n=2^{M-1}+1}^{2^{M}}(-1)^{w\\left(n-2^{M}\\right)}=B_{M-1}+A_{M-1} .\n\n\\end{aligned}\n\n$$\n\n\n\nIteration yields\n\n\n\n$$\n\n\\begin{aligned}\n\nB_{M} & =A_{M-1}+B_{M-1}=\\left(A_{M-2}-B_{M-2}\\right)+\\left(A_{M-2}+B_{M-2}\\right)=2 A_{M-2} \\\\\n\n& =2 A_{M-3}-2 B_{M-3}=2\\left(A_{M-4}-B_{M-4}\\right)-2\\left(A_{M-4}+B_{M-4}\\right)=-4 B_{M-4}\n\n\\end{aligned}\n\n$$\n\n\n\nThus, $B_{2017}=(-4)^{504} B_{1}=2^{1008} B_{1}$; since $B_{1}=(-1)^{w(1)}+(-1)^{w(2)}=2$, it follows that $B_{2017}=$ $2^{1009}$"" ]",2^1009,number theory,parity / binary weight analysis + recursive sum manipulation + telescoping / iteration argument,OE_TO_maths_en_COMP/train
olympiadbench,L4_OLY_1678,4,"Find all pairs $(k, n)$ of positive integers for which $7^{k}-3^{n}$ divides $k^{4}+n^{2}$.","[ ""Suppose that a pair $(k, n)$ satisfies the condition of the problem. Since $7^{k}-3^{n}$ is even, $k^{4}+n^{2}$ is also even, hence $k$ and $n$ have the same parity. If $k$ and $n$ are odd, then $k^{4}+n^{2} \\equiv 1+1=2(\\bmod 4)$, while $7^{k}-3^{n} \\equiv 7-3 \\equiv 0(\\bmod 4)$, so $k^{4}+n^{2}$ cannot be divisible by $7^{k}-3^{n}$. Hence, both $k$ and $n$ must be even.\n\nWrite $k=2 a, n=2 b$. Then $7^{k}-3^{n}=7^{2 a}-3^{2 b}=\\frac{7^{a}-3^{b}}{2} \\cdot 2\\left(7^{a}+3^{b}\\right)$, and both factors are integers. So $2\\left(7^{a}+3^{b}\\right) \\mid 7^{k}-3^{n}$ and $7^{k}-3^{n} \\mid k^{4}+n^{2}=2\\left(8 a^{4}+2 b^{2}\\right)$, hence\n$$\n7^{a}+3^{b} \\leq 8 a^{4}+2 b^{2}\n$$\nWe prove by induction that $8 a^{4}<7^{a}$ for $a \\geq 4,2 b^{2}<3^{b}$ for $b \\geq 1$ and $2 b^{2}+9 \\leq 3^{b}$ for $b \\geq 3$. In the initial cases $a=4, b=1, b=2$ and $b=3$ we have $8 \\cdot 4^{4}=2048<7^{4}=2401,2<3$, $2 \\cdot 2^{2}=8<3^{2}=9$ and $2 \\cdot 3^{2}+9=3^{3}=27$, respectively.\n\nIf $8 a^{4}<7^{a}(a \\geq 4)$ and $2 b^{2}+9 \\leq 3^{b}(b \\geq 3)$, then\n$$\n\\begin{aligned}\n8(a+1)^{4} & =8 a^{4}\\left(\\frac{a+1}{a}\\right)^{4}<7^{a}\\left(\\frac{5}{4}\\right)^{4}=7^{a} \\frac{625}{256}<7^{a+1} \\quad \\text { and } \\\\\n2(b+1)^{2}+9 & <\\left(2 b^{2}+9\\right)\\left(\\frac{b+1}{b}\\right)^{2} \\leq 3^{b}\\left(\\frac{4}{3}\\right)^{2}=3^{b} \\frac{16}{9}<3^{b+1},\n\\end{aligned}\n$$\nas desired.\n\nFor $a \\geq 4$ we obtain $7^{a}+3^{b}>8 a^{4}+2 b^{2}$ and inequality (1) cannot hold. Hence $a \\leq 3$, and three cases are possible.\n\nCase 1: $a=1$. Then $k=2$ and $8+2 b^{2} \\geq 7+3^{b}$, thus $2 b^{2}+1 \\geq 3^{b}$. This is possible only if $b \\leq 2$. If $b=1$ then $n=2$ and $\\frac{k^{4}+n^{2}}{7^{k}-3^{n}}=\\frac{2^{4}+2^{2}}{7^{2}-3^{2}}=\\frac{1}{2}$, which is not an integer. If $b=2$ then $n=4$ and $\\frac{k^{4}+n^{2}}{7^{k}-3^{n}}=\\frac{2^{4}+4^{2}}{7^{2}-3^{4}}=-1$, so $(k, n)=(2,4)$ is a solution.\n\nCase 2: $a=2$. Then $k=4$ and $k^{4}+n^{2}=256+4 b^{2} \\geq\\left|7^{4}-3^{n}\\right|=\\left|49-3^{b}\\right| \\cdot\\left(49+3^{b}\\right)$. The smallest value of the first factor is 22 , attained at $b=3$, so $128+2 b^{2} \\geq 11\\left(49+3^{b}\\right)$, which is impossible since $3^{b}>2 b^{2}$.\n\nCase 3: $a=3$. Then $k=6$ and $k^{4}+n^{2}=1296+4 b^{2} \\geq\\left|7^{6}-3^{n}\\right|=\\left|343-3^{b}\\right| \\cdot\\left(343+3^{b}\\right)$. Analogously, $\\left|343-3^{b}\\right| \\geq 100$ and we have $324+b^{2} \\geq 25\\left(343+3^{b}\\right)$, which is impossible again.\n\nWe find that there exists a unique solution $(k, n)=(2,4)$."" ]","2,4",number theory,divisibility constraint + parity analysis + inequality bounding + finite casework,OE_TO_maths_en_COMP/train
olympiadbench,L4_OLY_2614,4,"In each town in ARMLandia, the residents have formed groups, which meet each week to share math problems and enjoy each others' company over a potluck-style dinner. Each town resident belongs to exactly one group. Every week, each resident is required to make one dish and to bring it to his/her group. It so happens that each resident knows how to make precisely two dishes. Moreover, no two residents of a town know how to make the same pair of dishes. Shown below are two example towns. In the left column are the names of the town's residents. Adjacent to each name is the list of dishes that the corresponding resident knows how to make. | ARMLton | | | :--- | :--- | | Resident | Dishes | | Paul | pie, turkey | | Arnold | pie, salad | | Kelly | salad, broth | | ARMLville | | | :--- | :--- | | Resident | Dishes | | Sally | steak, calzones | | Ross | calzones, pancakes | | David | steak, pancakes | The population of a town $T$, denoted $\operatorname{pop}(T)$, is the number of residents of $T$. Formally, the town itself is simply the set of its residents, denoted by $\left\{r_{1}, \ldots, r_{\mathrm{pop}(T)}\right\}$ unless otherwise specified. The set of dishes that the residents of $T$ collectively know how to make is denoted $\operatorname{dish}(T)$. For example, in the town of ARMLton described above, pop(ARMLton) $=3$, and dish(ARMLton) $=$ \{pie, turkey, salad, broth\}. A town $T$ is called full if for every pair of dishes in $\operatorname{dish}(T)$, there is exactly one resident in $T$ who knows how to make those two dishes. In the examples above, ARMLville is a full town, but ARMLton is not, because (for example) nobody in ARMLton knows how to make both turkey and salad. Denote by $\mathcal{F}_{d}$ a full town in which collectively the residents know how to make $d$ dishes. That is, $\left|\operatorname{dish}\left(\mathcal{F}_{d}\right)\right|=d$. Compute $\operatorname{pop}\left(\mathcal{F}_{17}\right)$.","[ ""There are $\\left(\\begin{array}{c}17 \\\\ 2\\end{array}\\right)=136$ possible pairs of dishes, so $\\mathcal{F}_{17}$ must have 136 people."" ]",136,combinatorics ,pair counting / combinatorial design argument (bijection with 2-subsets),OE_TO_maths_en_COMP/train
